variant_id,strategy_id,partition,phase_code,session_phase,trades,expectancy_r
COMPRESSION_EXPANSION#0,COMPRESSION_EXPANSION,TRAIN,0,EUROPEAN_OPEN,21,0.01940201583674927
COMPRESSION_EXPANSION#0,COMPRESSION_EXPANSION,TRAIN,1,MORNING,4,0.9037981253460468
COMPRESSION_EXPANSION#0,COMPRESSION_EXPANSION,TRAIN,2,MIDDAY,38,0.05475059039361079
COMPRESSION_EXPANSION#0,COMPRESSION_EXPANSION,TRAIN,3,US_CASH_OPEN_OVERLAP,3,0.4384656942828924
COMPRESSION_EXPANSION#0,COMPRESSION_EXPANSION,TRAIN,4,LATE,18,-0.02927963133430811
COMPRESSION_EXPANSION#0,COMPRESSION_EXPANSION,VALIDATION,0,EUROPEAN_OPEN,9,0.6635916092565451
COMPRESSION_EXPANSION#0,COMPRESSION_EXPANSION,VALIDATION,1,MORNING,3,-0.004783353955954084
COMPRESSION_EXPANSION#0,COMPRESSION_EXPANSION,VALIDATION,2,MIDDAY,10,-0.27516146029718647
COMPRESSION_EXPANSION#0,COMPRESSION_EXPANSION,VALIDATION,3,US_CASH_OPEN_OVERLAP,3,-0.13050557984143704
COMPRESSION_EXPANSION#0,COMPRESSION_EXPANSION,VALIDATION,4,LATE,5,0.043936492240933114
COMPRESSION_EXPANSION#1,COMPRESSION_EXPANSION,TRAIN,0,EUROPEAN_OPEN,17,-0.23102089574583404
COMPRESSION_EXPANSION#1,COMPRESSION_EXPANSION,TRAIN,1,MORNING,1,2.0
COMPRESSION_EXPANSION#1,COMPRESSION_EXPANSION,TRAIN,2,MIDDAY,24,-0.17334771517144973
COMPRESSION_EXPANSION#1,COMPRESSION_EXPANSION,TRAIN,3,US_CASH_OPEN_OVERLAP,4,0.24466705592574897
COMPRESSION_EXPANSION#1,COMPRESSION_EXPANSION,TRAIN,4,LATE,10,-0.178933699371147
COMPRESSION_EXPANSION#1,COMPRESSION_EXPANSION,VALIDATION,0,EUROPEAN_OPEN,7,0.7111004817493726
COMPRESSION_EXPANSION#1,COMPRESSION_EXPANSION,VALIDATION,1,MORNING,1,-1.0036535018815536
COMPRESSION_EXPANSION#1,COMPRESSION_EXPANSION,VALIDATION,2,MIDDAY,7,-0.3314646711185137
COMPRESSION_EXPANSION#1,COMPRESSION_EXPANSION,VALIDATION,3,US_CASH_OPEN_OVERLAP,2,-0.007438933146557636
COMPRESSION_EXPANSION#1,COMPRESSION_EXPANSION,VALIDATION,4,LATE,3,0.1851301703555511
FAILED_BREAKOUT_REVERSAL#0,FAILED_BREAKOUT_REVERSAL,TRAIN,0,EUROPEAN_OPEN,26,0.017853346338565338
FAILED_BREAKOUT_REVERSAL#0,FAILED_BREAKOUT_REVERSAL,TRAIN,1,MORNING,17,0.47874321221736515
FAILED_BREAKOUT_REVERSAL#0,FAILED_BREAKOUT_REVERSAL,TRAIN,2,MIDDAY,24,-0.07718327199124346
FAILED_BREAKOUT_REVERSAL#0,FAILED_BREAKOUT_REVERSAL,TRAIN,3,US_CASH_OPEN_OVERLAP,22,-0.1941804674599701
FAILED_BREAKOUT_REVERSAL#0,FAILED_BREAKOUT_REVERSAL,TRAIN,4,LATE,13,-0.35163144740636443
FAILED_BREAKOUT_REVERSAL#0,FAILED_BREAKOUT_REVERSAL,VALIDATION,0,EUROPEAN_OPEN,9,-0.12798491021655845
FAILED_BREAKOUT_REVERSAL#0,FAILED_BREAKOUT_REVERSAL,VALIDATION,1,MORNING,15,-0.07640186387905332
FAILED_BREAKOUT_REVERSAL#0,FAILED_BREAKOUT_REVERSAL,VALIDATION,2,MIDDAY,14,0.16968171502604812
FAILED_BREAKOUT_REVERSAL#0,FAILED_BREAKOUT_REVERSAL,VALIDATION,3,US_CASH_OPEN_OVERLAP,9,-0.18112938175235982
FAILED_BREAKOUT_REVERSAL#0,FAILED_BREAKOUT_REVERSAL,VALIDATION,4,LATE,6,0.16865032129289545
FAILED_BREAKOUT_REVERSAL#1,FAILED_BREAKOUT_REVERSAL,TRAIN,0,EUROPEAN_OPEN,26,-0.07313723421718642
FAILED_BREAKOUT_REVERSAL#1,FAILED_BREAKOUT_REVERSAL,TRAIN,1,MORNING,17,0.6559410825426704
FAILED_BREAKOUT_REVERSAL#1,FAILED_BREAKOUT_REVERSAL,TRAIN,2,MIDDAY,24,0.027199150551527745
FAILED_BREAKOUT_REVERSAL#1,FAILED_BREAKOUT_REVERSAL,TRAIN,3,US_CASH_OPEN_OVERLAP,25,-0.074986376434835
FAILED_BREAKOUT_REVERSAL#1,FAILED_BREAKOUT_REVERSAL,TRAIN,4,LATE,14,-0.1514523071245605
FAILED_BREAKOUT_REVERSAL#1,FAILED_BREAKOUT_REVERSAL,VALIDATION,0,EUROPEAN_OPEN,10,-0.10494336532654909
FAILED_BREAKOUT_REVERSAL#1,FAILED_BREAKOUT_REVERSAL,VALIDATION,1,MORNING,16,-0.04480297290252061
FAILED_BREAKOUT_REVERSAL#1,FAILED_BREAKOUT_REVERSAL,VALIDATION,2,MIDDAY,11,0.49360096652251734
FAILED_BREAKOUT_REVERSAL#1,FAILED_BREAKOUT_REVERSAL,VALIDATION,3,US_CASH_OPEN_OVERLAP,9,0.0002713360717621966
FAILED_BREAKOUT_REVERSAL#1,FAILED_BREAKOUT_REVERSAL,VALIDATION,4,LATE,7,-0.1574311289752506
GROUP_A_MOMENTUM_CONTINUATION#0,GROUP_A_MOMENTUM_CONTINUATION,TRAIN,1,MORNING,4,-0.25612696556833625
GROUP_A_MOMENTUM_CONTINUATION#0,GROUP_A_MOMENTUM_CONTINUATION,TRAIN,2,MIDDAY,3,-1.0088708273836167
GROUP_A_MOMENTUM_CONTINUATION#0,GROUP_A_MOMENTUM_CONTINUATION,TRAIN,3,US_CASH_OPEN_OVERLAP,3,0.2691706434942831
GROUP_A_MOMENTUM_CONTINUATION#0,GROUP_A_MOMENTUM_CONTINUATION,TRAIN,4,LATE,4,0.4813491350227298
GROUP_A_MOMENTUM_CONTINUATION#0,GROUP_A_MOMENTUM_CONTINUATION,VALIDATION,0,EUROPEAN_OPEN,2,2.0
GROUP_A_MOMENTUM_CONTINUATION#0,GROUP_A_MOMENTUM_CONTINUATION,VALIDATION,1,MORNING,1,2.0
GROUP_A_MOMENTUM_CONTINUATION#0,GROUP_A_MOMENTUM_CONTINUATION,VALIDATION,2,MIDDAY,4,-0.5632306365735343
GROUP_A_MOMENTUM_CONTINUATION#0,GROUP_A_MOMENTUM_CONTINUATION,VALIDATION,3,US_CASH_OPEN_OVERLAP,2,1.379612705523763
GROUP_A_MOMENTUM_CONTINUATION#1,GROUP_A_MOMENTUM_CONTINUATION,TRAIN,0,EUROPEAN_OPEN,2,0.4961751643586516
GROUP_A_MOMENTUM_CONTINUATION#1,GROUP_A_MOMENTUM_CONTINUATION,TRAIN,1,MORNING,5,-0.40834242617587596
GROUP_A_MOMENTUM_CONTINUATION#1,GROUP_A_MOMENTUM_CONTINUATION,TRAIN,2,MIDDAY,4,-1.0144467005676638
GROUP_A_MOMENTUM_CONTINUATION#1,GROUP_A_MOMENTUM_CONTINUATION,TRAIN,3,US_CASH_OPEN_OVERLAP,5,-0.16685371123388715
GROUP_A_MOMENTUM_CONTINUATION#1,GROUP_A_MOMENTUM_CONTINUATION,TRAIN,4,LATE,2,1.8280599500415926
GROUP_A_MOMENTUM_CONTINUATION#1,GROUP_A_MOMENTUM_CONTINUATION,VALIDATION,0,EUROPEAN_OPEN,1,2.0
GROUP_A_MOMENTUM_CONTINUATION#1,GROUP_A_MOMENTUM_CONTINUATION,VALIDATION,1,MORNING,6,0.4958834720243912
GROUP_A_MOMENTUM_CONTINUATION#1,GROUP_A_MOMENTUM_CONTINUATION,VALIDATION,2,MIDDAY,2,2.0
GROUP_A_MOMENTUM_CONTINUATION#1,GROUP_A_MOMENTUM_CONTINUATION,VALIDATION,3,US_CASH_OPEN_OVERLAP,1,-1.0087021815125878
GROUP_A_MOMENTUM_CONTINUATION#1,GROUP_A_MOMENTUM_CONTINUATION,VALIDATION,4,LATE,1,-1.019213350533855
GROUP_A_OPENING_DRIVE#0,GROUP_A_OPENING_DRIVE,TRAIN,0,EUROPEAN_OPEN,1,-1.0071936531425987
GROUP_A_OPENING_DRIVE#0,GROUP_A_OPENING_DRIVE,TRAIN,1,MORNING,23,0.2984577072059274
GROUP_A_OPENING_DRIVE#0,GROUP_A_OPENING_DRIVE,VALIDATION,1,MORNING,10,-0.40755951650607863
GROUP_A_OPENING_DRIVE#1,GROUP_A_OPENING_DRIVE,TRAIN,1,MORNING,12,0.24357186338364442
GROUP_A_OPENING_DRIVE#1,GROUP_A_OPENING_DRIVE,VALIDATION,1,MORNING,8,-0.25765196953514546
GROUP_A_TREND_PULLBACK#0,GROUP_A_TREND_PULLBACK,TRAIN,0,EUROPEAN_OPEN,6,-1.0074067725815794
GROUP_A_TREND_PULLBACK#0,GROUP_A_TREND_PULLBACK,TRAIN,1,MORNING,5,0.1926482552760566
GROUP_A_TREND_PULLBACK#0,GROUP_A_TREND_PULLBACK,TRAIN,2,MIDDAY,7,-0.15122360173108326
GROUP_A_TREND_PULLBACK#0,GROUP_A_TREND_PULLBACK,TRAIN,3,US_CASH_OPEN_OVERLAP,4,0.09342388276470814
GROUP_A_TREND_PULLBACK#0,GROUP_A_TREND_PULLBACK,TRAIN,4,LATE,10,-0.12143852774703098
GROUP_A_TREND_PULLBACK#0,GROUP_A_TREND_PULLBACK,VALIDATION,0,EUROPEAN_OPEN,1,-1.0055351983261562
GROUP_A_TREND_PULLBACK#0,GROUP_A_TREND_PULLBACK,VALIDATION,1,MORNING,3,-1.0078438229909708
GROUP_A_TREND_PULLBACK#0,GROUP_A_TREND_PULLBACK,VALIDATION,2,MIDDAY,3,-1.0124548880659516
GROUP_A_TREND_PULLBACK#0,GROUP_A_TREND_PULLBACK,VALIDATION,3,US_CASH_OPEN_OVERLAP,1,0.7472165216950679
GROUP_A_TREND_PULLBACK#0,GROUP_A_TREND_PULLBACK,VALIDATION,4,LATE,4,0.5685623025707583
GROUP_A_TREND_PULLBACK#1,GROUP_A_TREND_PULLBACK,TRAIN,0,EUROPEAN_OPEN,4,-1.006318554503872
GROUP_A_TREND_PULLBACK#1,GROUP_A_TREND_PULLBACK,TRAIN,1,MORNING,2,0.4963299442990403
GROUP_A_TREND_PULLBACK#1,GROUP_A_TREND_PULLBACK,TRAIN,2,MIDDAY,9,-0.0061628077691038285
GROUP_A_TREND_PULLBACK#1,GROUP_A_TREND_PULLBACK,TRAIN,3,US_CASH_OPEN_OVERLAP,4,-0.41795577151630287
GROUP_A_TREND_PULLBACK#1,GROUP_A_TREND_PULLBACK,TRAIN,4,LATE,9,-0.21650460417867798
GROUP_A_TREND_PULLBACK#1,GROUP_A_TREND_PULLBACK,VALIDATION,0,EUROPEAN_OPEN,1,-1.0055351983261562
GROUP_A_TREND_PULLBACK#1,GROUP_A_TREND_PULLBACK,VALIDATION,1,MORNING,3,-1.0067773494022694
GROUP_A_TREND_PULLBACK#1,GROUP_A_TREND_PULLBACK,VALIDATION,2,MIDDAY,5,-1.0101310847327414
GROUP_A_TREND_PULLBACK#1,GROUP_A_TREND_PULLBACK,VALIDATION,3,US_CASH_OPEN_OVERLAP,1,0.7472165216950679
GROUP_A_TREND_PULLBACK#1,GROUP_A_TREND_PULLBACK,VALIDATION,4,LATE,2,-0.02232401371577386
OPENING_RANGE_BREAKOUT_RETEST#0,OPENING_RANGE_BREAKOUT_RETEST,TRAIN,0,EUROPEAN_OPEN,37,-0.15802257885260987
OPENING_RANGE_BREAKOUT_RETEST#0,OPENING_RANGE_BREAKOUT_RETEST,TRAIN,1,MORNING,66,-0.05744657096263052
OPENING_RANGE_BREAKOUT_RETEST#0,OPENING_RANGE_BREAKOUT_RETEST,TRAIN,2,MIDDAY,38,0.014153604471025602
OPENING_RANGE_BREAKOUT_RETEST#0,OPENING_RANGE_BREAKOUT_RETEST,TRAIN,3,US_CASH_OPEN_OVERLAP,5,0.7948941183349457
OPENING_RANGE_BREAKOUT_RETEST#0,OPENING_RANGE_BREAKOUT_RETEST,VALIDATION,0,EUROPEAN_OPEN,14,0.06052726760705832
OPENING_RANGE_BREAKOUT_RETEST#0,OPENING_RANGE_BREAKOUT_RETEST,VALIDATION,1,MORNING,39,0.22327806135348083
OPENING_RANGE_BREAKOUT_RETEST#0,OPENING_RANGE_BREAKOUT_RETEST,VALIDATION,2,MIDDAY,10,-0.7192090880027283
OPENING_RANGE_BREAKOUT_RETEST#0,OPENING_RANGE_BREAKOUT_RETEST,VALIDATION,3,US_CASH_OPEN_OVERLAP,5,-0.4117333715563154
OPENING_RANGE_BREAKOUT_RETEST#1,OPENING_RANGE_BREAKOUT_RETEST,TRAIN,0,EUROPEAN_OPEN,12,0.11732703001952882
OPENING_RANGE_BREAKOUT_RETEST#1,OPENING_RANGE_BREAKOUT_RETEST,TRAIN,1,MORNING,53,-0.07516057948103057
OPENING_RANGE_BREAKOUT_RETEST#1,OPENING_RANGE_BREAKOUT_RETEST,TRAIN,2,MIDDAY,42,-0.15717874656813197
OPENING_RANGE_BREAKOUT_RETEST#1,OPENING_RANGE_BREAKOUT_RETEST,TRAIN,3,US_CASH_OPEN_OVERLAP,10,0.9812284484299123
OPENING_RANGE_BREAKOUT_RETEST#1,OPENING_RANGE_BREAKOUT_RETEST,VALIDATION,0,EUROPEAN_OPEN,4,-0.26625340386323176
OPENING_RANGE_BREAKOUT_RETEST#1,OPENING_RANGE_BREAKOUT_RETEST,VALIDATION,1,MORNING,32,0.3994253832456035
OPENING_RANGE_BREAKOUT_RETEST#1,OPENING_RANGE_BREAKOUT_RETEST,VALIDATION,2,MIDDAY,16,-0.6392019570000419
OPENING_RANGE_BREAKOUT_RETEST#1,OPENING_RANGE_BREAKOUT_RETEST,VALIDATION,3,US_CASH_OPEN_OVERLAP,5,0.1914418515943291
OPENING_RANGE_BREAKOUT_RETEST#2,OPENING_RANGE_BREAKOUT_RETEST,TRAIN,0,EUROPEAN_OPEN,37,-0.26675773331865227
OPENING_RANGE_BREAKOUT_RETEST#2,OPENING_RANGE_BREAKOUT_RETEST,TRAIN,1,MORNING,66,0.015159956010060944
OPENING_RANGE_BREAKOUT_RETEST#2,OPENING_RANGE_BREAKOUT_RETEST,TRAIN,2,MIDDAY,38,-0.02434764924938129
OPENING_RANGE_BREAKOUT_RETEST#2,OPENING_RANGE_BREAKOUT_RETEST,TRAIN,3,US_CASH_OPEN_OVERLAP,5,0.4948941183349497
OPENING_RANGE_BREAKOUT_RETEST#2,OPENING_RANGE_BREAKOUT_RETEST,VALIDATION,0,EUROPEAN_OPEN,14,-0.118044160964368
OPENING_RANGE_BREAKOUT_RETEST#2,OPENING_RANGE_BREAKOUT_RETEST,VALIDATION,1,MORNING,39,0.34056891692311997
OPENING_RANGE_BREAKOUT_RETEST#2,OPENING_RANGE_BREAKOUT_RETEST,VALIDATION,2,MIDDAY,10,-0.7692090880027284
OPENING_RANGE_BREAKOUT_RETEST#2,OPENING_RANGE_BREAKOUT_RETEST,VALIDATION,3,US_CASH_OPEN_OVERLAP,5,-0.5117333715563024
PREVIOUS_DAY_LEVELS#0,PREVIOUS_DAY_LEVELS,TRAIN,0,EUROPEAN_OPEN,54,-0.08233315334350806
PREVIOUS_DAY_LEVELS#0,PREVIOUS_DAY_LEVELS,TRAIN,1,MORNING,34,0.23925209119723134
PREVIOUS_DAY_LEVELS#0,PREVIOUS_DAY_LEVELS,TRAIN,2,MIDDAY,50,-0.08051227838403163
PREVIOUS_DAY_LEVELS#0,PREVIOUS_DAY_LEVELS,TRAIN,3,US_CASH_OPEN_OVERLAP,47,-0.4796299869443172
PREVIOUS_DAY_LEVELS#0,PREVIOUS_DAY_LEVELS,TRAIN,4,LATE,34,-0.11415759493321934
PREVIOUS_DAY_LEVELS#0,PREVIOUS_DAY_LEVELS,VALIDATION,0,EUROPEAN_OPEN,19,-0.08615728370387274
PREVIOUS_DAY_LEVELS#0,PREVIOUS_DAY_LEVELS,VALIDATION,1,MORNING,25,0.19173948911012473
PREVIOUS_DAY_LEVELS#0,PREVIOUS_DAY_LEVELS,VALIDATION,2,MIDDAY,28,-0.1185352783507841
PREVIOUS_DAY_LEVELS#0,PREVIOUS_DAY_LEVELS,VALIDATION,3,US_CASH_OPEN_OVERLAP,24,0.0261103464692501
PREVIOUS_DAY_LEVELS#0,PREVIOUS_DAY_LEVELS,VALIDATION,4,LATE,11,-0.2828151349446804
PREVIOUS_DAY_LEVELS#1,PREVIOUS_DAY_LEVELS,TRAIN,0,EUROPEAN_OPEN,54,-0.08233315334350806
PREVIOUS_DAY_LEVELS#1,PREVIOUS_DAY_LEVELS,TRAIN,1,MORNING,34,0.23925209119723134
PREVIOUS_DAY_LEVELS#1,PREVIOUS_DAY_LEVELS,TRAIN,2,MIDDAY,50,-0.08051227838403163
PREVIOUS_DAY_LEVELS#1,PREVIOUS_DAY_LEVELS,TRAIN,3,US_CASH_OPEN_OVERLAP,47,-0.4796299869443172
PREVIOUS_DAY_LEVELS#1,PREVIOUS_DAY_LEVELS,TRAIN,4,LATE,34,-0.11415759493321934
PREVIOUS_DAY_LEVELS#1,PREVIOUS_DAY_LEVELS,VALIDATION,0,EUROPEAN_OPEN,19,-0.08615728370387274
PREVIOUS_DAY_LEVELS#1,PREVIOUS_DAY_LEVELS,VALIDATION,1,MORNING,25,0.19173948911012473
PREVIOUS_DAY_LEVELS#1,PREVIOUS_DAY_LEVELS,VALIDATION,2,MIDDAY,28,-0.1185352783507841
PREVIOUS_DAY_LEVELS#1,PREVIOUS_DAY_LEVELS,VALIDATION,3,US_CASH_OPEN_OVERLAP,24,0.0261103464692501
PREVIOUS_DAY_LEVELS#1,PREVIOUS_DAY_LEVELS,VALIDATION,4,LATE,11,-0.2828151349446804
RANGE_MEAN_REVERSION#0,RANGE_MEAN_REVERSION,TRAIN,0,EUROPEAN_OPEN,46,-0.04300207330480555
RANGE_MEAN_REVERSION#0,RANGE_MEAN_REVERSION,TRAIN,1,MORNING,41,-0.5900811901750038
RANGE_MEAN_REVERSION#0,RANGE_MEAN_REVERSION,TRAIN,2,MIDDAY,122,-0.0343676937447695
RANGE_MEAN_REVERSION#0,RANGE_MEAN_REVERSION,TRAIN,3,US_CASH_OPEN_OVERLAP,79,0.12462104892380964
RANGE_MEAN_REVERSION#0,RANGE_MEAN_REVERSION,TRAIN,4,LATE,67,-0.012226482193981812
RANGE_MEAN_REVERSION#0,RANGE_MEAN_REVERSION,VALIDATION,0,EUROPEAN_OPEN,22,-0.0006641778649319423
RANGE_MEAN_REVERSION#0,RANGE_MEAN_REVERSION,VALIDATION,1,MORNING,48,-0.02263097103896457
RANGE_MEAN_REVERSION#0,RANGE_MEAN_REVERSION,VALIDATION,2,MIDDAY,60,-0.09890282304339558
RANGE_MEAN_REVERSION#0,RANGE_MEAN_REVERSION,VALIDATION,3,US_CASH_OPEN_OVERLAP,42,0.1784726447814843
RANGE_MEAN_REVERSION#0,RANGE_MEAN_REVERSION,VALIDATION,4,LATE,26,0.0950396572926038
RANGE_MEAN_REVERSION#1,RANGE_MEAN_REVERSION,TRAIN,0,EUROPEAN_OPEN,46,-0.04300207330480555
RANGE_MEAN_REVERSION#1,RANGE_MEAN_REVERSION,TRAIN,1,MORNING,41,-0.5900811901750038
RANGE_MEAN_REVERSION#1,RANGE_MEAN_REVERSION,TRAIN,2,MIDDAY,122,-0.0343676937447695
RANGE_MEAN_REVERSION#1,RANGE_MEAN_REVERSION,TRAIN,3,US_CASH_OPEN_OVERLAP,79,0.12462104892380964
RANGE_MEAN_REVERSION#1,RANGE_MEAN_REVERSION,TRAIN,4,LATE,67,-0.012226482193981812
RANGE_MEAN_REVERSION#1,RANGE_MEAN_REVERSION,VALIDATION,0,EUROPEAN_OPEN,22,-0.0006641778649319423
RANGE_MEAN_REVERSION#1,RANGE_MEAN_REVERSION,VALIDATION,1,MORNING,48,-0.02263097103896457
RANGE_MEAN_REVERSION#1,RANGE_MEAN_REVERSION,VALIDATION,2,MIDDAY,60,-0.09890282304339558
RANGE_MEAN_REVERSION#1,RANGE_MEAN_REVERSION,VALIDATION,3,US_CASH_OPEN_OVERLAP,42,0.1784726447814843
RANGE_MEAN_REVERSION#1,RANGE_MEAN_REVERSION,VALIDATION,4,LATE,26,0.0950396572926038
RANGE_MEAN_REVERSION#2,RANGE_MEAN_REVERSION,TRAIN,0,EUROPEAN_OPEN,35,-0.08927768352989998
RANGE_MEAN_REVERSION#2,RANGE_MEAN_REVERSION,TRAIN,1,MORNING,32,-0.6228977468021536
RANGE_MEAN_REVERSION#2,RANGE_MEAN_REVERSION,TRAIN,2,MIDDAY,103,-0.018323123845610415
RANGE_MEAN_REVERSION#2,RANGE_MEAN_REVERSION,TRAIN,3,US_CASH_OPEN_OVERLAP,66,0.22659666093386516
RANGE_MEAN_REVERSION#2,RANGE_MEAN_REVERSION,TRAIN,4,LATE,59,-0.23919981319633243
RANGE_MEAN_REVERSION#2,RANGE_MEAN_REVERSION,VALIDATION,0,EUROPEAN_OPEN,22,0.35100066059229174
RANGE_MEAN_REVERSION#2,RANGE_MEAN_REVERSION,VALIDATION,1,MORNING,35,-0.08294274755534703
RANGE_MEAN_REVERSION#2,RANGE_MEAN_REVERSION,VALIDATION,2,MIDDAY,46,-0.14201080110940548
RANGE_MEAN_REVERSION#2,RANGE_MEAN_REVERSION,VALIDATION,3,US_CASH_OPEN_OVERLAP,34,0.06352767284814531
RANGE_MEAN_REVERSION#2,RANGE_MEAN_REVERSION,VALIDATION,4,LATE,23,-0.09684675060374834
SESSION_SWEEP_REVERSAL#0,SESSION_SWEEP_REVERSAL,TRAIN,0,EUROPEAN_OPEN,29,-0.28966463243975876
SESSION_SWEEP_REVERSAL#0,SESSION_SWEEP_REVERSAL,TRAIN,1,MORNING,5,-0.4172862677020198
SESSION_SWEEP_REVERSAL#0,SESSION_SWEEP_REVERSAL,TRAIN,2,MIDDAY,10,0.184746582674428
SESSION_SWEEP_REVERSAL#0,SESSION_SWEEP_REVERSAL,TRAIN,3,US_CASH_OPEN_OVERLAP,5,0.1880595021477927
SESSION_SWEEP_REVERSAL#0,SESSION_SWEEP_REVERSAL,TRAIN,4,LATE,2,0.4851066364827833
SESSION_SWEEP_REVERSAL#0,SESSION_SWEEP_REVERSAL,VALIDATION,0,EUROPEAN_OPEN,14,-0.15918997902022752
SESSION_SWEEP_REVERSAL#0,SESSION_SWEEP_REVERSAL,VALIDATION,1,MORNING,4,0.49369505028149135
SESSION_SWEEP_REVERSAL#0,SESSION_SWEEP_REVERSAL,VALIDATION,2,MIDDAY,2,0.48255773390079126
SESSION_SWEEP_REVERSAL#0,SESSION_SWEEP_REVERSAL,VALIDATION,4,LATE,1,2.0
SESSION_SWEEP_REVERSAL#1,SESSION_SWEEP_REVERSAL,TRAIN,0,EUROPEAN_OPEN,14,-0.3695554167569152
SESSION_SWEEP_REVERSAL#1,SESSION_SWEEP_REVERSAL,TRAIN,1,MORNING,2,-1.0123578860429951
SESSION_SWEEP_REVERSAL#1,SESSION_SWEEP_REVERSAL,TRAIN,2,MIDDAY,5,0.18961509091745182
SESSION_SWEEP_REVERSAL#1,SESSION_SWEEP_REVERSAL,TRAIN,3,US_CASH_OPEN_OVERLAP,2,-1.0190094908684302
SESSION_SWEEP_REVERSAL#1,SESSION_SWEEP_REVERSAL,TRAIN,4,LATE,1,-1.0297867270344334
SESSION_SWEEP_REVERSAL#1,SESSION_SWEEP_REVERSAL,VALIDATION,0,EUROPEAN_OPEN,11,-0.19696184052466717
SESSION_SWEEP_REVERSAL#1,SESSION_SWEEP_REVERSAL,VALIDATION,1,MORNING,2,0.4929848191486381
SESSION_TWAP_REFERENCE#0,SESSION_TWAP_REFERENCE,TRAIN,0,EUROPEAN_OPEN,1,-1.0043059831636059
SESSION_TWAP_REFERENCE#1,SESSION_TWAP_REFERENCE,TRAIN,0,EUROPEAN_OPEN,1,-1.0032297655190232
