family,variant,exit,train_trades,train_expectancy_r,train_profit_factor,train_win_rate,train_net_pnl_eur,train_max_drawdown_pct,train_trades_per_day,validation_trades,validation_expectancy_r,validation_profit_factor,validation_win_rate,validation_net_pnl_eur,validation_max_drawdown_pct,validation_trades_per_day
MOMENTUM,"MOMENTUM|lookback=12,stop_mult=1.5,thr=1.0",fixed_r1,760,-0.018701,0.965088,0.494737,-614.295367,21.942528,3.601896,366,-0.067974,0.875274,0.472678,-1096.058568,12.468821,3.588235
MOMENTUM,"MOMENTUM|lookback=12,stop_mult=1.5,thr=1.0",fixed_r1.5,735,-0.01334,0.981412,0.402721,-372.256214,22.450188,3.483412,345,-0.093699,0.853563,0.373913,-1431.483404,18.124982,3.382353
MOMENTUM,"MOMENTUM|lookback=12,stop_mult=1.5,thr=1.0",fixed_r2.5,666,-0.027576,0.962036,0.301802,-804.446138,24.770661,3.156398,316,-0.127118,0.821708,0.272152,-1843.414857,22.371563,3.098039
MOMENTUM,"MOMENTUM|lookback=12,stop_mult=1.5,thr=1.0",trail1.5,673,-0.014368,0.973853,0.344725,-429.177504,26.482464,3.189573,312,-0.058324,0.890279,0.326923,-854.503653,18.255137,3.058824
MOMENTUM,"MOMENTUM|lookback=12,stop_mult=2.5,thr=1.0",fixed_r1,670,0.060711,1.136257,0.532836,1729.574095,4.854821,3.175355,319,-0.050067,0.923113,0.485893,-511.583099,7.992773,3.127451
MOMENTUM,"MOMENTUM|lookback=12,stop_mult=2.5,thr=1.0",fixed_r1.5,578,0.049591,1.088753,0.442907,1151.253055,8.72108,2.739336,289,-0.110906,0.819513,0.380623,-1317.011109,16.615147,2.833333
MOMENTUM,"MOMENTUM|lookback=12,stop_mult=2.5,thr=1.0",fixed_r2.5,494,0.094544,1.147435,0.392713,1811.888214,9.271462,2.341232,240,0.000154,1.007829,0.345833,49.864123,11.554564,2.352941
MOMENTUM,"MOMENTUM|lookback=12,stop_mult=2.5,thr=1.0",trail1.5,532,0.040149,1.08313,0.37218,897.532688,10.06785,2.521327,252,-0.072368,0.87537,0.337302,-673.79438,11.753263,2.470588
MOMENTUM,"MOMENTUM|lookback=12,stop_mult=1.5,thr=1.5",fixed_r1,203,-0.036403,0.921722,0.487685,-370.874179,11.105777,0.962085,85,-0.106472,0.787865,0.458824,-445.731446,8.501335,0.833333
MOMENTUM,"MOMENTUM|lookback=12,stop_mult=1.5,thr=1.5",fixed_r1.5,196,-0.021578,0.959845,0.403061,-212.093393,10.01239,0.92891,82,-0.267919,0.59812,0.304878,-1030.305545,13.258623,0.803922
MOMENTUM,"MOMENTUM|lookback=12,stop_mult=1.5,thr=1.5",fixed_r2.5,186,0.015681,1.006966,0.311828,40.221422,11.915516,0.881517,79,-0.3241,0.577378,0.21519,-1177.30224,14.842341,0.77451
MOMENTUM,"MOMENTUM|lookback=12,stop_mult=1.5,thr=1.5",trail1.5,183,-0.004793,0.989334,0.338798,-47.104271,14.990096,0.867299,79,-0.073728,0.871862,0.265823,-261.297797,8.296391,0.77451
MOMENTUM,"MOMENTUM|lookback=12,stop_mult=2.5,thr=1.5",fixed_r1,182,-0.066664,0.872827,0.478022,-505.517093,8.28799,0.862559,82,-0.25616,0.553797,0.378049,-895.599435,11.565576,0.803922
MOMENTUM,"MOMENTUM|lookback=12,stop_mult=2.5,thr=1.5",fixed_r1.5,176,-0.027569,0.942519,0.414773,-244.946042,7.961248,0.834123,79,-0.369064,0.46788,0.278481,-1197.975043,14.555803,0.77451
MOMENTUM,"MOMENTUM|lookback=12,stop_mult=2.5,thr=1.5",fixed_r2.5,168,0.048993,1.068359,0.380952,292.376694,6.365592,0.796209,77,-0.23125,0.670459,0.272727,-722.513084,12.363684,0.754902
MOMENTUM,"MOMENTUM|lookback=12,stop_mult=2.5,thr=1.5",trail1.5,162,0.015816,0.987624,0.358025,-45.601299,7.745837,0.767773,77,-0.184403,0.705073,0.233766,-576.448606,11.068184,0.754902
MOMENTUM,"MOMENTUM|lookback=12,stop_mult=1.5,thr=2.0",fixed_r1,24,0.329318,1.959125,0.666667,328.901934,0.829643,0.113744,10,-0.004096,1.061546,0.5,13.133505,0.882016,0.098039
MOMENTUM,"MOMENTUM|lookback=12,stop_mult=1.5,thr=2.0",fixed_r1.5,23,0.408219,2.004151,0.565217,415.753981,0.868862,0.109005,9,0.107277,1.208102,0.444444,45.87805,0.960579,0.088235
MOMENTUM,"MOMENTUM|lookback=12,stop_mult=1.5,thr=2.0",fixed_r2.5,20,0.042119,1.112044,0.3,65.513311,2.648225,0.094787,9,-0.22852,0.715652,0.222222,-88.20922,2.713624,0.088235
MOMENTUM,"MOMENTUM|lookback=12,stop_mult=1.5,thr=2.0",trail1.5,21,0.344657,2.101086,0.52381,334.867933,1.073838,0.099526,9,-0.331032,0.337731,0.333333,-131.3201,1.313201,0.088235
MOMENTUM,"MOMENTUM|lookback=12,stop_mult=2.5,thr=2.0",fixed_r1,22,0.208209,1.523319,0.636364,175.158745,0.821943,0.104265,8,0.136911,1.538772,0.5,61.282538,0.503424,0.078431
MOMENTUM,"MOMENTUM|lookback=12,stop_mult=2.5,thr=2.0",fixed_r1.5,19,0.281972,1.669209,0.578947,223.98889,0.819264,0.090047,8,0.073456,1.15779,0.375,25.749517,0.953483,0.078431
MOMENTUM,"MOMENTUM|lookback=12,stop_mult=2.5,thr=2.0",fixed_r2.5,18,0.443923,2.094299,0.555556,366.2696,1.090532,0.085308,7,-0.177255,0.786455,0.285714,-37.952021,1.777235,0.068627
MOMENTUM,"MOMENTUM|lookback=12,stop_mult=2.5,thr=2.0",trail1.5,18,0.258481,1.611607,0.444444,214.108651,1.821759,0.085308,7,-0.06348,0.856905,0.428571,-17.57898,0.993062,0.068627
MOMENTUM,"MOMENTUM|lookback=24,stop_mult=1.5,thr=1.0",fixed_r1,577,-0.068349,0.860611,0.471404,-1961.223631,23.422869,2.734597,238,-0.074555,0.872358,0.47479,-719.68251,10.784783,2.333333
MOMENTUM,"MOMENTUM|lookback=24,stop_mult=1.5,thr=1.0",fixed_r1.5,538,-0.010978,0.970284,0.408922,-435.449484,14.475061,2.549763,228,-0.117386,0.825637,0.368421,-1131.335936,14.565351,2.235294
MOMENTUM,"MOMENTUM|lookback=24,stop_mult=1.5,thr=1.0",fixed_r2.5,497,-0.031595,0.946103,0.311871,-844.955209,25.342236,2.35545,209,-0.039223,0.949732,0.311005,-325.229793,14.110582,2.04902
MOMENTUM,"MOMENTUM|lookback=24,stop_mult=1.5,thr=1.0",trail1.5,508,-0.030749,0.927956,0.34252,-912.969227,23.014696,2.407583,207,-0.084828,0.862012,0.328502,-708.867141,10.933105,2.029412
MOMENTUM,"MOMENTUM|lookback=24,stop_mult=2.5,thr=1.0",fixed_r1,477,0.021139,1.045379,0.515723,428.489897,9.030749,2.260664,215,-0.072217,0.854606,0.47907,-656.957289,8.72169,2.107843
MOMENTUM,"MOMENTUM|lookback=24,stop_mult=2.5,thr=1.0",fixed_r1.5,431,0.020559,1.037236,0.443155,362.834937,12.958251,2.042654,195,-0.076868,0.855555,0.405128,-678.835689,12.047735,1.911765
MOMENTUM,"MOMENTUM|lookback=24,stop_mult=2.5,thr=1.0",fixed_r2.5,386,0.067641,1.109507,0.388601,1047.92545,11.929785,1.829384,171,-0.035589,0.95299,0.350877,-212.294844,7.869893,1.676471
MOMENTUM,"MOMENTUM|lookback=24,stop_mult=2.5,thr=1.0",trail1.5,390,0.055883,1.108859,0.376923,872.124302,11.301368,1.848341,169,-0.06463,0.899789,0.343195,-389.99385,9.794297,1.656863
MOMENTUM,"MOMENTUM|lookback=24,stop_mult=1.5,thr=1.5",fixed_r1,108,0.133099,1.311824,0.574074,649.350722,3.075149,0.511848,53,-0.215138,0.635604,0.396226,-520.60886,6.541516,0.519608
MOMENTUM,"MOMENTUM|lookback=24,stop_mult=1.5,thr=1.5",fixed_r1.5,103,0.266058,1.572858,0.533981,1245.866971,3.519573,0.488152,52,-0.210045,0.682376,0.326923,-487.847303,7.178542,0.509804
MOMENTUM,"MOMENTUM|lookback=24,stop_mult=1.5,thr=1.5",fixed_r2.5,97,0.309087,1.56109,0.412371,1445.605788,3.527463,0.459716,48,-0.165951,0.753299,0.270833,-380.481308,6.224662,0.470588
MOMENTUM,"MOMENTUM|lookback=24,stop_mult=1.5,thr=1.5",trail1.5,96,0.20807,1.540676,0.447917,1014.56671,3.208803,0.454976,47,-0.120054,0.751631,0.276596,-328.72687,5.493861,0.460784
MOMENTUM,"MOMENTUM|lookback=24,stop_mult=2.5,thr=1.5",fixed_r1,98,0.250257,1.782282,0.642857,1052.658024,2.752545,0.464455,49,-0.211113,0.596069,0.387755,-453.940056,5.835853,0.480392
MOMENTUM,"MOMENTUM|lookback=24,stop_mult=2.5,thr=1.5",fixed_r1.5,94,0.359112,1.948425,0.574468,1446.324768,2.290052,0.445498,47,-0.088629,0.781346,0.382979,-242.755227,5.385432,0.460784
MOMENTUM,"MOMENTUM|lookback=24,stop_mult=2.5,thr=1.5",fixed_r2.5,85,0.420643,2.024738,0.517647,1607.049745,2.613312,0.402844,45,-0.038096,0.894622,0.333333,-117.386343,4.577978,0.441176
MOMENTUM,"MOMENTUM|lookback=24,stop_mult=2.5,thr=1.5",trail1.5,81,0.384586,2.016934,0.481481,1397.078083,2.843619,0.383886,44,-0.098346,0.795383,0.272727,-221.35071,5.713067,0.431373
MOMENTUM,"MOMENTUM|lookback=24,stop_mult=1.5,thr=2.0",fixed_r1,12,-0.00579,1.013664,0.5,3.695743,1.713169,0.056872,4,-0.009564,1.03609,0.5,3.14032,0.862369,0.039216
MOMENTUM,"MOMENTUM|lookback=24,stop_mult=1.5,thr=2.0",fixed_r1.5,12,0.034489,1.086535,0.416667,27.37057,1.709193,0.056872,3,-0.179419,0.804825,0.333333,-16.983071,0.864093,0.029412
MOMENTUM,"MOMENTUM|lookback=24,stop_mult=1.5,thr=2.0",fixed_r2.5,11,0.265511,1.499372,0.363636,155.660738,1.687966,0.052133,3,0.153915,1.341374,0.333333,29.704474,0.860105,0.029412
MOMENTUM,"MOMENTUM|lookback=24,stop_mult=1.5,thr=2.0",trail1.5,10,0.304615,1.7621,0.4,156.610082,1.10007,0.047393,3,1.056367,2.794005,0.333333,156.104292,0.849491,0.029412
MOMENTUM,"MOMENTUM|lookback=24,stop_mult=2.5,thr=2.0",fixed_r1,11,-0.094477,0.962262,0.454545,-8.725591,1.529142,0.052133,3,-0.337997,0.427203,0.333333,-51.759135,0.900146,0.029412
MOMENTUM,"MOMENTUM|lookback=24,stop_mult=2.5,thr=2.0",fixed_r1.5,11,0.132795,1.443392,0.454545,102.517929,1.512559,0.052133,3,-0.17133,0.640804,0.333333,-32.457658,0.898419,0.029412
MOMENTUM,"MOMENTUM|lookback=24,stop_mult=2.5,thr=2.0",fixed_r2.5,9,0.162254,1.49024,0.333333,111.285715,1.02954,0.042654,3,0.162003,1.068007,0.333333,6.145297,0.894984,0.029412
MOMENTUM,"MOMENTUM|lookback=24,stop_mult=2.5,thr=2.0",trail1.5,9,0.30097,2.103128,0.444444,184.648402,1.019968,0.042654,3,0.589972,1.616496,0.333333,55.70791,0.890612,0.029412
MOMENTUM,"MOMENTUM|lookback=48,stop_mult=1.5,thr=1.0",fixed_r1,394,-0.011954,0.984754,0.497462,-136.499309,9.229782,1.867299,148,-0.032557,0.92533,0.486486,-249.271232,8.547092,1.45098
MOMENTUM,"MOMENTUM|lookback=48,stop_mult=1.5,thr=1.0",fixed_r1.5,361,0.007179,1.024483,0.415512,231.921586,9.504545,1.7109,135,-0.141133,0.778662,0.362963,-833.584242,12.964527,1.323529
MOMENTUM,"MOMENTUM|lookback=48,stop_mult=1.5,thr=1.0",fixed_r2.5,328,0.044153,1.086183,0.344512,828.665023,12.56304,1.554502,129,-0.195603,0.725609,0.271318,-1116.695064,16.745341,1.264706
MOMENTUM,"MOMENTUM|lookback=48,stop_mult=1.5,thr=1.0",trail1.5,354,0.015578,1.053504,0.336158,438.918937,11.177958,1.677725,136,-0.064232,0.872163,0.345588,-386.14933,10.439067,1.333333
MOMENTUM,"MOMENTUM|lookback=48,stop_mult=2.5,thr=1.0",fixed_r1,301,0.0169,1.04011,0.508306,232.733703,8.834941,1.42654,116,-0.052608,0.862884,0.474138,-321.591715,8.115847,1.137255
MOMENTUM,"MOMENTUM|lookback=48,stop_mult=2.5,thr=1.0",fixed_r1.5,278,0.043283,1.086583,0.446043,528.023188,8.678188,1.317536,106,0.015885,0.993382,0.433962,-14.938985,5.842787,1.039216
MOMENTUM,"MOMENTUM|lookback=48,stop_mult=2.5,thr=1.0",fixed_r2.5,261,0.084889,1.150842,0.413793,921.050472,8.487986,1.236967,100,-0.025634,0.915318,0.38,-199.872875,5.055103,0.980392
MOMENTUM,"MOMENTUM|lookback=48,stop_mult=2.5,thr=1.0",trail1.5,252,0.056877,1.145774,0.392857,738.788727,7.873265,1.194313,104,0.007134,0.984767,0.365385,-29.708042,4.558471,1.019608
MOMENTUM,"MOMENTUM|lookback=48,stop_mult=1.5,thr=1.5",fixed_r1,95,0.008019,0.997631,0.505263,-5.085562,4.677557,0.450237,50,-0.121157,0.766594,0.44,-292.973367,4.763676,0.490196
MOMENTUM,"MOMENTUM|lookback=48,stop_mult=1.5,thr=1.5",fixed_r1.5,90,-0.037074,0.934752,0.4,-160.798863,6.679069,0.42654,46,-0.104446,0.827048,0.369565,-222.657642,5.612282,0.45098
MOMENTUM,"MOMENTUM|lookback=48,stop_mult=1.5,thr=1.5",fixed_r2.5,86,0.019566,1.033971,0.348837,86.551367,6.953971,0.407583,44,-0.121587,0.80774,0.272727,-275.336206,5.877335,0.431373
MOMENTUM,"MOMENTUM|lookback=48,stop_mult=1.5,thr=1.5",trail1.5,87,0.029231,1.061445,0.356322,124.567913,5.487032,0.412322,43,-0.074216,0.832436,0.325581,-171.49401,6.511281,0.421569
MOMENTUM,"MOMENTUM|lookback=48,stop_mult=2.5,thr=1.5",fixed_r1,87,-0.040425,0.903791,0.471264,-166.172209,4.567992,0.412322,42,-0.203161,0.645408,0.404762,-357.634491,5.065772,0.411765
MOMENTUM,"MOMENTUM|lookback=48,stop_mult=2.5,thr=1.5",fixed_r1.5,83,-0.033559,0.948679,0.421687,-92.094784,4.151146,0.393365,40,-0.226349,0.634213,0.325,-404.167594,5.763284,0.392157
MOMENTUM,"MOMENTUM|lookback=48,stop_mult=2.5,thr=1.5",fixed_r2.5,79,0.069869,1.149096,0.392405,264.300556,2.349012,0.374408,36,-0.255855,0.643641,0.277778,-373.03046,6.199438,0.352941
MOMENTUM,"MOMENTUM|lookback=48,stop_mult=2.5,thr=1.5",trail1.5,77,0.040783,1.081849,0.38961,130.456435,4.220807,0.364929,33,-0.059945,0.850765,0.333333,-115.832876,4.674749,0.323529
MOMENTUM,"MOMENTUM|lookback=48,stop_mult=1.5,thr=2.0",fixed_r1,16,-0.243857,0.601263,0.375,-184.538206,3.186806,0.075829,3,-0.343639,0.518095,0.333333,-42.523038,0.462573,0.029412
MOMENTUM,"MOMENTUM|lookback=48,stop_mult=1.5,thr=2.0",fixed_r1.5,16,-0.056357,0.901894,0.375,-45.404121,2.706616,0.075829,3,-0.176972,0.777142,0.333333,-19.664847,0.462573,0.029412
MOMENTUM,"MOMENTUM|lookback=48,stop_mult=1.5,thr=2.0",fixed_r2.5,14,-0.09338,0.873192,0.285714,-59.246614,2.483638,0.066351,3,-0.347769,0.511676,0.333333,-43.08942,0.462573,0.029412
MOMENTUM,"MOMENTUM|lookback=48,stop_mult=1.5,thr=2.0",trail1.5,15,0.196528,1.311796,0.4,127.830072,1.944098,0.07109,3,-0.347769,0.511676,0.333333,-43.08942,0.462573,0.029412
MOMENTUM,"MOMENTUM|lookback=48,stop_mult=2.5,thr=2.0",fixed_r1,15,-0.035625,0.885497,0.466667,-37.543152,1.897914,0.07109,3,-0.339616,0.534623,0.333333,-39.42071,0.49977,0.029412
MOMENTUM,"MOMENTUM|lookback=48,stop_mult=2.5,thr=2.0",fixed_r1.5,15,0.142158,1.209376,0.466667,68.649669,1.650958,0.07109,3,-0.473552,0.319808,0.333333,-57.617092,0.576171,0.029412
MOMENTUM,"MOMENTUM|lookback=48,stop_mult=2.5,thr=2.0",fixed_r2.5,14,0.36555,1.808513,0.428571,247.903932,1.42402,0.066351,3,-0.473552,0.319808,0.333333,-57.617092,0.576171,0.029412
MOMENTUM,"MOMENTUM|lookback=48,stop_mult=2.5,thr=2.0",trail1.5,13,0.346421,1.711709,0.461538,200.118743,1.430596,0.061611,3,-0.473552,0.319808,0.333333,-57.617092,0.576171,0.029412
BREAKOUT,"BREAKOUT|buffer_atr=0.0,kind=orb,or_bars=3,stop_mode=or_mid",fixed_r1,257,-0.00935,0.953374,0.498054,-265.39375,11.188332,1.218009,122,-0.022147,0.911805,0.491803,-247.24,5.587237,1.196078
BREAKOUT,"BREAKOUT|buffer_atr=0.0,kind=orb,or_bars=3,stop_mode=or_mid",fixed_r1.5,257,-0.009326,0.967183,0.400778,-221.083125,11.422579,1.218009,122,0.038602,1.030021,0.418033,95.459375,5.212012,1.196078
BREAKOUT,"BREAKOUT|buffer_atr=0.0,kind=orb,or_bars=3,stop_mode=or_mid",fixed_r2.5,257,-0.013023,0.969684,0.303502,-235.201875,12.294579,1.218009,122,0.191818,1.257264,0.352459,908.09625,4.406271,1.196078
BREAKOUT,"BREAKOUT|buffer_atr=0.0,kind=orb,or_bars=3,stop_mode=or_mid",trail1.5,257,0.048966,1.071396,0.354086,411.285,11.740411,1.218009,122,0.14272,1.244081,0.360656,674.315,4.156652,1.196078
BREAKOUT,"BREAKOUT|buffer_atr=0.0,kind=orb,or_bars=3,stop_mode=atr2",fixed_r1,258,-0.005148,1.005349,0.5,30.213151,11.155535,1.222749,122,-0.005151,1.002266,0.5,5.99319,4.851182,1.196078
BREAKOUT,"BREAKOUT|buffer_atr=0.0,kind=orb,or_bars=3,stop_mode=atr2",fixed_r1.5,258,-0.017883,0.991707,0.395349,-56.611408,12.12687,1.222749,122,0.01851,1.048281,0.409836,150.661185,3.780339,1.196078
BREAKOUT,"BREAKOUT|buffer_atr=0.0,kind=orb,or_bars=3,stop_mode=atr2",fixed_r2.5,258,-0.036694,0.966967,0.290698,-265.442984,13.776443,1.222749,122,0.174761,1.282934,0.344262,981.701974,2.916848,1.196078
BREAKOUT,"BREAKOUT|buffer_atr=0.0,kind=orb,or_bars=3,stop_mode=atr2",trail1.5,258,0.064174,1.111406,0.337209,663.650599,10.673462,1.222749,122,0.075323,1.167418,0.360656,456.077611,2.86131,1.196078
BREAKOUT,"BREAKOUT|buffer_atr=0.25,kind=orb,or_bars=3,stop_mode=or_mid",fixed_r1,241,0.032723,1.042287,0.518672,212.26625,8.63329,1.14218,114,-0.09316,0.801614,0.45614,-535.22,6.311301,1.117647
BREAKOUT,"BREAKOUT|buffer_atr=0.25,kind=orb,or_bars=3,stop_mode=or_mid",fixed_r1.5,241,0.001362,0.994293,0.406639,-34.940625,9.929573,1.14218,114,-0.008982,0.978651,0.403509,-62.526875,4.826825,1.117647
BREAKOUT,"BREAKOUT|buffer_atr=0.25,kind=orb,or_bars=3,stop_mode=or_mid",fixed_r2.5,241,0.055707,1.084595,0.327801,579.036875,8.22164,1.14218,114,0.14988,1.221832,0.342105,716.209375,3.943728,1.117647
BREAKOUT,"BREAKOUT|buffer_atr=0.25,kind=orb,or_bars=3,stop_mode=or_mid",trail1.5,241,0.06998,1.136195,0.33195,697.1275,7.980398,1.14218,114,0.035809,1.0743,0.324561,199.00125,5.903383,1.117647
BREAKOUT,"BREAKOUT|buffer_atr=0.25,kind=orb,or_bars=3,stop_mode=atr2",fixed_r1,242,-0.005184,1.000764,0.5,4.068051,9.650309,1.146919,114,-0.04031,0.949144,0.482456,-129.543841,4.472277,1.117647
BREAKOUT,"BREAKOUT|buffer_atr=0.25,kind=orb,or_bars=3,stop_mode=atr2",fixed_r1.5,242,0.016638,1.041817,0.409091,263.063187,9.889177,1.146919,114,0.002713,1.016235,0.403509,48.094655,3.620148,1.117647
BREAKOUT,"BREAKOUT|buffer_atr=0.25,kind=orb,or_bars=3,stop_mode=atr2",fixed_r2.5,242,-0.003942,1.00505,0.297521,37.651812,10.933406,1.146919,114,0.212271,1.342239,0.350877,1102.545124,3.152791,1.117647
BREAKOUT,"BREAKOUT|buffer_atr=0.25,kind=orb,or_bars=3,stop_mode=atr2",trail1.5,242,0.069375,1.107378,0.355372,596.40013,10.438385,1.146919,114,0.051313,1.121125,0.359649,313.37131,3.250504,1.117647
BREAKOUT,"BREAKOUT|buffer_atr=0.0,kind=orb,or_bars=6,stop_mode=or_mid",fixed_r1,226,-0.053685,0.865599,0.473451,-687.47125,7.930178,1.07109,106,0.060434,1.07565,0.528302,162.465,4.478212,1.039216
BREAKOUT,"BREAKOUT|buffer_atr=0.0,kind=orb,or_bars=6,stop_mode=or_mid",fixed_r1.5,226,-0.039564,0.913945,0.393805,-503.758125,8.134217,1.07109,106,0.068683,1.105676,0.433962,267.985,4.53188,1.039216
BREAKOUT,"BREAKOUT|buffer_atr=0.0,kind=orb,or_bars=6,stop_mode=or_mid",fixed_r2.5,226,-0.036419,0.922168,0.309735,-514.945625,9.511117,1.07109,106,0.211581,1.337637,0.367925,953.24875,3.919485,1.039216
BREAKOUT,"BREAKOUT|buffer_atr=0.0,kind=orb,or_bars=6,stop_mode=or_mid",trail1.5,226,0.034739,1.034699,0.340708,179.041875,9.233377,1.07109,106,0.15226,1.353491,0.377358,750.94875,3.264039,1.039216
BREAKOUT,"BREAKOUT|buffer_atr=0.0,kind=orb,or_bars=6,stop_mode=atr2",fixed_r1,227,-0.053703,0.91597,0.475771,-436.630348,9.120547,1.075829,106,0.1089,1.252071,0.556604,510.121091,4.017178,1.039216
BREAKOUT,"BREAKOUT|buffer_atr=0.0,kind=orb,or_bars=6,stop_mode=atr2",fixed_r1.5,227,-0.059079,0.916209,0.378855,-518.382293,9.64367,1.075829,106,0.079545,1.159722,0.433962,410.964768,3.623496,1.039216
BREAKOUT,"BREAKOUT|buffer_atr=0.0,kind=orb,or_bars=6,stop_mode=atr2",fixed_r2.5,227,-0.066091,0.916055,0.286344,-598.091759,9.820066,1.075829,106,0.205521,1.329824,0.349057,978.700776,3.811664,1.039216
BREAKOUT,"BREAKOUT|buffer_atr=0.0,kind=orb,or_bars=6,stop_mode=atr2",trail1.5,227,0.018107,1.024939,0.330396,134.088499,10.162464,1.075829,106,0.118018,1.269328,0.386792,581.237876,3.120392,1.039216
BREAKOUT,"BREAKOUT|buffer_atr=0.25,kind=orb,or_bars=6,stop_mode=or_mid",fixed_r1,204,0.020534,1.021271,0.509804,88.8625,4.859985,0.966825,100,0.004755,0.97879,0.5,-43.82875,3.273869,0.980392
BREAKOUT,"BREAKOUT|buffer_atr=0.25,kind=orb,or_bars=6,stop_mode=or_mid",fixed_r1.5,204,0.015294,1.010524,0.421569,51.874375,4.564421,0.966825,100,0.00875,1.023124,0.41,55.475625,4.724699,0.980392
BREAKOUT,"BREAKOUT|buffer_atr=0.25,kind=orb,or_bars=6,stop_mode=or_mid",fixed_r2.5,204,0.072797,1.078495,0.348039,431.585,6.232787,0.966825,100,0.247998,1.41157,0.38,1041.184375,3.229929,0.980392
BREAKOUT,"BREAKOUT|buffer_atr=0.25,kind=orb,or_bars=6,stop_mode=or_mid",trail1.5,204,0.078471,1.106394,0.352941,463.490625,5.617662,0.966825,100,0.032582,1.082384,0.34,174.034375,5.809071,0.980392
BREAKOUT,"BREAKOUT|buffer_atr=0.25,kind=orb,or_bars=6,stop_mode=atr2",fixed_r1,206,-0.024557,0.971034,0.490291,-132.598331,8.061365,0.976303,100,-0.00476,1.005593,0.5,11.811285,3.541979,0.980392
BREAKOUT,"BREAKOUT|buffer_atr=0.25,kind=orb,or_bars=6,stop_mode=atr2",fixed_r1.5,206,0.001313,1.008672,0.402913,46.823563,7.920865,0.976303,100,0.044517,1.087224,0.42,214.347554,3.435378,0.980392
BREAKOUT,"BREAKOUT|buffer_atr=0.25,kind=orb,or_bars=6,stop_mode=atr2",fixed_r2.5,206,0.044081,1.071332,0.315534,438.889205,5.561676,0.976303,100,0.173181,1.263911,0.34,739.983089,3.37587,0.980392
BREAKOUT,"BREAKOUT|buffer_atr=0.25,kind=orb,or_bars=6,stop_mode=atr2",trail1.5,206,0.073894,1.132664,0.354369,614.889559,7.532484,0.976303,100,0.057171,1.107049,0.37,229.352319,4.208471,0.980392
BREAKOUT,"BREAKOUT|kind=squeeze,squeeze=3.5",fixed_r1,217,0.077556,1.174247,0.543779,767.894784,4.766967,1.028436,125,-0.110352,0.797185,0.448,-598.403345,7.319276,1.22549
BREAKOUT,"BREAKOUT|kind=squeeze,squeeze=3.5",fixed_r1.5,211,0.082997,1.143098,0.450237,736.226244,4.266659,1.0,123,-0.061039,0.910071,0.382114,-290.936313,7.292272,1.205882
BREAKOUT,"BREAKOUT|kind=squeeze,squeeze=3.5",fixed_r2.5,197,0.169807,1.266971,0.380711,1427.699016,6.288169,0.933649,115,-0.063138,0.90689,0.286957,-323.002116,6.623298,1.127451
BREAKOUT,"BREAKOUT|kind=squeeze,squeeze=3.5",trail1.5,204,0.17708,1.363909,0.401961,1585.09582,4.250803,0.966825,119,0.010064,1.034447,0.344538,92.366302,4.668459,1.166667
BREAKOUT,"BREAKOUT|kind=squeeze,squeeze=5.0",fixed_r1,655,-0.007959,0.99215,0.499237,-113.96232,7.676465,3.104265,340,-0.057858,0.890497,0.473529,-836.884237,11.775407,3.333333
BREAKOUT,"BREAKOUT|kind=squeeze,squeeze=5.0",fixed_r1.5,575,0.021706,1.038514,0.417391,565.677933,8.094954,2.725118,302,-0.079372,0.86804,0.380795,-1056.819624,14.255341,2.960784
BREAKOUT,"BREAKOUT|kind=squeeze,squeeze=5.0",fixed_r2.5,501,-0.00141,1.003654,0.319361,54.680601,14.143936,2.374408,258,-0.062128,0.900155,0.29845,-772.643414,14.679799,2.529412
BREAKOUT,"BREAKOUT|kind=squeeze,squeeze=5.0",trail1.5,518,0.026535,1.044375,0.364865,525.432024,9.488333,2.454976,282,-0.087915,0.829701,0.308511,-1107.340447,15.490889,2.764706
PULLBACK,"PULLBACK|depth=1.0,ema_fast=21,stop_mode=swing",fixed_r1,718,0.011672,1.022759,0.512535,347.773677,9.711991,3.402844,368,-0.107893,0.805026,0.451087,-1649.760877,19.803111,3.607843
PULLBACK,"PULLBACK|depth=1.0,ema_fast=21,stop_mode=swing",fixed_r1.5,624,0.011524,1.024624,0.429487,383.242066,9.747303,2.957346,321,-0.122476,0.792898,0.364486,-1779.870932,22.174699,3.147059
PULLBACK,"PULLBACK|depth=1.0,ema_fast=21,stop_mode=swing",fixed_r2.5,531,0.009964,1.020705,0.340866,317.637456,16.789981,2.516588,287,-0.134084,0.811657,0.292683,-1607.385752,21.448137,2.813725
PULLBACK,"PULLBACK|depth=1.0,ema_fast=21,stop_mode=swing",trail1.5,617,0.019336,1.037615,0.36953,509.408138,16.41464,2.924171,333,-0.149488,0.73499,0.297297,-2093.856408,22.870597,3.264706
PULLBACK,"PULLBACK|depth=1.0,ema_fast=21,stop_mode=atr2",fixed_r1,667,0.022665,1.048495,0.517241,669.785199,7.331947,3.161137,364,-0.056341,0.909318,0.478022,-711.198947,11.961376,3.568627
PULLBACK,"PULLBACK|depth=1.0,ema_fast=21,stop_mode=atr2",fixed_r1.5,564,0.042066,1.078386,0.439716,1049.332313,8.008547,2.672986,314,-0.088026,0.860911,0.38535,-1098.629936,17.307479,3.078431
PULLBACK,"PULLBACK|depth=1.0,ema_fast=21,stop_mode=atr2",fixed_r2.5,475,0.012295,1.024777,0.36,320.514174,12.071138,2.251185,269,-0.123915,0.822971,0.315985,-1358.452007,18.760744,2.637255
PULLBACK,"PULLBACK|depth=1.0,ema_fast=21,stop_mode=atr2",trail1.5,543,0.063583,1.134962,0.401473,1537.825405,10.391202,2.57346,304,-0.109399,0.816796,0.319079,-1261.345656,15.750024,2.980392
PULLBACK,"PULLBACK|depth=2.0,ema_fast=21,stop_mode=swing",fixed_r1,676,0.007714,1.011859,0.510355,170.617593,9.641719,3.203791,348,-0.083438,0.849552,0.465517,-1167.273551,15.984013,3.411765
PULLBACK,"PULLBACK|depth=2.0,ema_fast=21,stop_mode=swing",fixed_r1.5,598,0.016648,1.033843,0.431438,501.204831,9.996093,2.834123,299,-0.123538,0.792821,0.364548,-1650.007886,20.852616,2.931373
PULLBACK,"PULLBACK|depth=2.0,ema_fast=21,stop_mode=swing",fixed_r2.5,509,0.021795,1.039284,0.345776,571.415988,14.348943,2.412322,269,-0.131033,0.813872,0.29368,-1481.343208,20.622435,2.637255
PULLBACK,"PULLBACK|depth=2.0,ema_fast=21,stop_mode=swing",trail1.5,587,0.027704,1.056808,0.374787,727.11709,14.803236,2.781991,313,-0.121811,0.786504,0.303514,-1554.77914,18.818289,3.068627
PULLBACK,"PULLBACK|depth=2.0,ema_fast=21,stop_mode=atr2",fixed_r1,645,0.028089,1.059213,0.51938,787.585075,7.117433,3.056872,353,-0.055071,0.911673,0.478754,-673.114505,12.407593,3.460784
PULLBACK,"PULLBACK|depth=2.0,ema_fast=21,stop_mode=atr2",fixed_r1.5,551,0.055027,1.101671,0.444646,1320.006918,7.972174,2.611374,305,-0.082866,0.869801,0.386885,-998.016707,17.326476,2.990196
PULLBACK,"PULLBACK|depth=2.0,ema_fast=21,stop_mode=atr2",fixed_r2.5,465,0.024312,1.04154,0.363441,524.020842,11.108253,2.203791,261,-0.114106,0.835616,0.318008,-1217.200582,17.920646,2.558824
PULLBACK,"PULLBACK|depth=2.0,ema_fast=21,stop_mode=atr2",trail1.5,529,0.070086,1.145261,0.402647,1614.907144,10.338837,2.507109,297,-0.095264,0.842927,0.319865,-1049.136931,14.862323,2.911765
PULLBACK,"PULLBACK|depth=1.0,ema_fast=34,stop_mode=swing",fixed_r1,588,0.006547,1.016959,0.510204,212.390847,9.649625,2.78673,293,-0.063714,0.876098,0.481229,-791.196639,12.046401,2.872549
PULLBACK,"PULLBACK|depth=1.0,ema_fast=34,stop_mode=swing",fixed_r1.5,517,0.03844,1.076961,0.437137,977.159221,6.264198,2.450237,256,-0.082233,0.868164,0.386719,-874.963495,13.91932,2.509804
PULLBACK,"PULLBACK|depth=1.0,ema_fast=34,stop_mode=swing",fixed_r2.5,446,0.041163,1.07754,0.343049,991.943166,8.236252,2.113744,237,-0.130664,0.819247,0.299578,-1268.113031,17.327856,2.323529
PULLBACK,"PULLBACK|depth=1.0,ema_fast=34,stop_mode=swing",trail1.5,515,0.063126,1.137781,0.392233,1558.619537,11.993013,2.440758,262,-0.147351,0.731932,0.324427,-1621.579657,20.13958,2.568627
PULLBACK,"PULLBACK|depth=1.0,ema_fast=34,stop_mode=atr2",fixed_r1,535,-3.7e-05,1.003408,0.504673,38.599221,11.462358,2.535545,275,-0.02371,0.97021,0.498182,-167.759252,7.230451,2.696078
PULLBACK,"PULLBACK|depth=1.0,ema_fast=34,stop_mode=atr2",fixed_r1.5,462,0.017133,1.031981,0.426407,358.211228,9.77302,2.189573,248,0.008925,1.015776,0.431452,90.244691,5.974463,2.431373
PULLBACK,"PULLBACK|depth=1.0,ema_fast=34,stop_mode=atr2",fixed_r2.5,399,-0.018943,0.974822,0.338346,-282.807056,17.808815,1.890995,212,-0.046179,0.929602,0.339623,-403.312472,7.856079,2.078431
PULLBACK,"PULLBACK|depth=1.0,ema_fast=34,stop_mode=atr2",trail1.5,460,0.037439,1.077527,0.38913,766.499873,14.568886,2.180095,246,-0.043521,0.935142,0.353659,-351.605694,8.611904,2.411765
PULLBACK,"PULLBACK|depth=2.0,ema_fast=34,stop_mode=swing",fixed_r1,566,0.010198,1.023175,0.512367,277.432373,8.430852,2.682464,285,-0.057967,0.890031,0.484211,-674.330937,11.332851,2.794118
PULLBACK,"PULLBACK|depth=2.0,ema_fast=34,stop_mode=swing",fixed_r1.5,503,0.046268,1.091176,0.441352,1115.448619,6.262072,2.383886,248,-0.06861,0.893915,0.391129,-672.97477,12.400039,2.431373
PULLBACK,"PULLBACK|depth=2.0,ema_fast=34,stop_mode=swing",fixed_r2.5,433,0.054014,1.096624,0.34873,1187.713184,7.679478,2.052133,230,-0.118676,0.836856,0.304348,-1096.773731,16.073354,2.254902
PULLBACK,"PULLBACK|depth=2.0,ema_fast=34,stop_mode=swing",trail1.5,499,0.066564,1.146677,0.398798,1597.27109,11.590928,2.364929,256,-0.131997,0.759706,0.332031,-1395.424126,18.323211,2.509804
PULLBACK,"PULLBACK|depth=2.0,ema_fast=34,stop_mode=atr2",fixed_r1,523,0.011529,1.027107,0.510516,296.589189,9.540797,2.478673,270,-0.026882,0.961879,0.496296,-211.124164,8.089578,2.647059
PULLBACK,"PULLBACK|depth=2.0,ema_fast=34,stop_mode=atr2",fixed_r1.5,453,0.031896,1.05783,0.432671,628.207752,9.291256,2.146919,244,-0.003597,0.991741,0.42623,-46.750136,7.024428,2.392157
PULLBACK,"PULLBACK|depth=2.0,ema_fast=34,stop_mode=atr2",fixed_r2.5,392,0.007442,1.015573,0.346939,169.557301,14.685708,1.85782,208,-0.055844,0.912423,0.336538,-492.959582,9.184008,2.039216
PULLBACK,"PULLBACK|depth=2.0,ema_fast=34,stop_mode=atr2",trail1.5,450,0.046684,1.095069,0.393333,915.824802,14.075193,2.132701,244,-0.037431,0.948057,0.352459,-277.925306,8.343132,2.392157
